{
	"format_version": "1.21.6",
	"credit": "Made with Blockbench",
	"texture_size": [128, 128],
	"textures": {
		"0": "amogus",
		"particle": "amogus"
	},
	"elements": [
		{
			"from": [2, 1, 10],
			"to": [15, 15, 16],
			"rotation": {"angle": 0, "axis": "y", "origin": [0, -2, 0]},
			"faces": {
				"north": {"uv": [4.25, 0, 5.875, 1.75], "texture": "#0"},
				"east": {"uv": [4.875, 3.5, 5.625, 5.25], "texture": "#0"},
				"south": {"uv": [4.875, 1.75, 6.5, 3.5], "texture": "#0"},
				"west": {"uv": [0, 5, 0.75, 6.75], "texture": "#0"},
				"up": {"uv": [2.375, 5.75, 0.75, 5], "texture": "#0"},
				"down": {"uv": [4, 5.25, 2.375, 6], "texture": "#0"}
			}
		},
		{
			"from": [0, 0, -1],
			"to": [17, 20, 10],
			"faces": {
				"north": {"uv": [0, 0, 2.125, 2.5], "texture": "#0"},
				"east": {"uv": [0, 2.5, 1.375, 5], "texture": "#0"},
				"south": {"uv": [2.125, 0, 4.25, 2.5], "texture": "#0"},
				"west": {"uv": [1.375, 2.5, 2.75, 5], "texture": "#0"},
				"up": {"uv": [4.875, 3.875, 2.75, 2.5], "texture": "#0"},
				"down": {"uv": [4.875, 3.875, 2.75, 5.25], "texture": "#0"}
			}
		},
		{
			"from": [10, -8, 1],
			"to": [16, 0, 8],
			"rotation": {"angle": 0, "axis": "y", "origin": [10, 0, 0]},
			"faces": {
				"north": {"uv": [1.625, 5.75, 2.375, 6.75], "texture": "#0"},
				"east": {"uv": [5.625, 4.25, 6.5, 5.25], "texture": "#0"},
				"south": {"uv": [2.375, 6, 3.125, 7], "texture": "#0"},
				"west": {"uv": [5.625, 5.25, 6.5, 6.25], "texture": "#0"},
				"up": {"uv": [5.375, 6.875, 4.625, 6], "texture": "#0"},
				"down": {"uv": [6.125, 6.25, 5.375, 7.125], "texture": "#0"}
			}
		},
		{
			"from": [1, -8, 1],
			"to": [7, 0, 8],
			"rotation": {"angle": 0, "axis": "y", "origin": [1, 0, 0]},
			"faces": {
				"north": {"uv": [3.125, 6, 3.875, 7], "texture": "#0"},
				"east": {"uv": [0.75, 5.75, 1.625, 6.75], "texture": "#0"},
				"south": {"uv": [3.875, 6, 4.625, 7], "texture": "#0"},
				"west": {"uv": [5.875, 0, 6.75, 1], "texture": "#0"},
				"up": {"uv": [6.875, 7.125, 6.125, 6.25], "texture": "#0"},
				"down": {"uv": [7.25, 1, 6.5, 1.875], "texture": "#0"}
			}
		},
		{
			"from": [2, 12, -2],
			"to": [15, 18, -1],
			"faces": {
				"north": {"uv": [4, 5.25, 5.625, 6], "texture": "#0"},
				"east": {"uv": [4.25, 1.75, 4.375, 2.5], "texture": "#0"},
				"south": {"uv": [5.625, 3.5, 7.25, 4.25], "texture": "#0"},
				"west": {"uv": [4.375, 1.75, 4.5, 2.5], "texture": "#0"},
				"up": {"uv": [8.125, 2, 6.5, 1.875], "texture": "#0"},
				"down": {"uv": [8.125, 2, 6.5, 2.125], "texture": "#0"}
			}
		}
	],
	"display": {
		"ground": {
			"translation": [0, 13.25, 0]
		},
		"head": {
			"translation": [0, -29.5, 3.25]
		}
	},
	"groups": [
		{
			"name": "group",
			"origin": [0, -2, 0],
			"color": 0,
			"children": [0, 1, 2, 3, 4]
		}
	]
}